app_url,phone,ccn,transparency_page
https://apps.para-hcfs.com/PTT/FinalLinks/Cheyenne_V2.aspx,7853322104,171310,FIXME
https://apps.para-hcfs.com/PTT/FinalLinks/Stoughton_V2.aspx,6088736611,521343,FIXME
https://apps.para-hcfs.com/PTT/FinalLinks/Wilbarger_V3.aspx,9405529351,450584,FIXME
https://apps.para-hcfs.com/PTT/FinalLinks/FMOLHS_Francis_V3.aspx,3189664000,190125,FIXME
https://apps.para-hcfs.com/PTT/FinalLinks/WestPark_V2.aspx,3075277501,530016,FIXME
https://apps.para-hcfs.com/PTT/FinalLinks/FMOLHS_Lady_of_the_Lake_V3.aspx,2257656565,190064,FIXME
https://apps.para-hcfs.com/PTT/FinalLinks/Kearney_V3.aspx,3084553600,280134,FIXME
https://apps.para-hcfs.com/PTT/FinalLinks/Rockcastle_V2.aspx,6062562195,180115,FIXME
https://apps.para-hcfs.com/PTT/FinalLinks/FMOLHS_Assumption_V3.aspx,9853693600,191303,FIXME
https://apps.para-hcfs.com/PTT/FinalLinks/Northeast_Montana_Poplar_V3.aspx,4067686100,271300,FIXME
https://apps.para-hcfs.com/PTT/FinalLinks/Crawford_V2.aspx,7122652500,161369,FIXME
https://apps.para-hcfs.com/PTT/FinalLinks/Ellsworth_V2.aspx,7854723111,171327,FIXME
https://apps.para-hcfs.com/PTT/FinalLinks/Pioneer_V2.aspx,4069324603,271313,FIXME
https://apps.para-hcfs.com/PTT/FinalLinks/Daviess_V2.aspx,8122542760,150061,FIXME
https://apps.para-hcfs.com/PTT/FinalLinks/Wichita_V2.aspx,6203752233,171306,FIXME
https://apps.para-hcfs.com/PTT/FinalLinks/Nemaha_Valley_V2.aspx,7853366181,171315,FIXME
https://apps.para-hcfs.com/PTT/FinalLinks/SheridanMemorial_V2.aspx,4067653700,271322,FIXME
https://apps.para-hcfs.com/PTT/FinalLinks/Wiregrass_V3.aspx,3346843655,010062,FIXME
https://apps.para-hcfs.com/PTT/FinalLinks/Franklin_V2.aspx,6414565000,161308,FIXME
https://apps.para-hcfs.com/PTT/FinalLinks/Montrose_V2.aspx,9702492211,060006,FIXME
https://apps.para-hcfs.com/PTT/FinalLinks/Roseland_V2.aspx,7739953000,140068,FIXME
https://apps.para-hcfs.com/PTT/FinalLinks/HancockCounty_V2.aspx,6418435000,161307,FIXME
https://apps.para-hcfs.com/PTT/FinalLinks/Sampson_V2.aspx,9105928511,340024,FIXME
https://apps.para-hcfs.com/PTT/FinalLinks/Satanta_V2.aspx,6206492761,171324,FIXME
https://apps.para-hcfs.com/PTT/FinalLinks/Jefferson_County_V2.aspx,6414724111,161364,FIXME
